scenario_name,traffic_path,generator_network_mode,octavia_flavor,runs,primary_metric,primary_unit,median_primary,min_primary,max_primary,mean_primary,std_primary,cv_percent,median_p99_ms,min_p99_ms,max_p99_ms,median_failure_percent,median_amphora_peak_cpu_cores,median_amphora_peak_cpu_percent,median_amphora_hottest_vcpu_percent,median_amphora_peak_tx_pps,median_amphora_peak_rx_pps,median_amphora_peak_vcpu_delay,median_amphora_peak_vcpu_wait,total_requests,total_failures,fingerprint_count,fingerprints,first_test_utc,last_test_utc,population_fingerprint_count,population_fingerprints,performance_index,latency_index,delta_vs_best_percent,delta_vs_reference_percent,p99_delta_vs_reference_percent,percent_of_direct
http_1k_keepalive,tenant_vip,shared,lb.elite_experimental,3,peak_rps_history,requests/s,93180.9,89687.7,126722.8,103197.13333333332,20448.5538765785,21.94500576467763,130.0,41.0,140.0,0.0,,,,,,,,116107160,0,2,"36c2a02206267288,e7d6d69cf590adfc",2026-09-18T08:32:43+00:00,2026-09-18T15:15:30+00:00,2,"36c2a02206267288,e7d6d69cf590adfc",100.0,100.0,0.0,,,
http_1k_keepalive,tenant_vip,shared,lb.lite_experimental,3,peak_rps_history,requests/s,13470.2,12987.6,13852.1,13436.633333333333,433.2263880851827,3.2161837840951337,840.0,810.0,850.0,0.0,,,,,,,,15006609,0,1,e7d6d69cf590adfc,2026-09-18T07:23:34+00:00,2026-09-18T12:27:53+00:00,2,"36c2a02206267288,e7d6d69cf590adfc",14.455966834404906,15.476190476190476,-85.5440331655951,,,
http_1k_keepalive,tenant_vip,shared,lb.plus_experimental,3,peak_rps_history,requests/s,16112.0,15480.5,16588.8,16060.433333333334,555.9465471907645,3.450512333607029,670.0,640.0,690.0,0.0,,,,,,,,18458785,0,1,e7d6d69cf590adfc,2026-09-18T07:12:18+00:00,2026-09-18T13:28:50+00:00,2,"36c2a02206267288,e7d6d69cf590adfc",17.29109720983592,19.402985074626866,-82.70890279016407,,,
http_1k_keepalive,tenant_vip,shared,lb.pro_experimental,3,peak_rps_history,requests/s,57308.5,54634.0,59284.7,57075.73333333334,2334.0710921763557,4.072818329176921,220.0,210.0,230.0,0.0,,,,,,,,63908197,0,1,e7d6d69cf590adfc,2026-09-18T05:58:10+00:00,2026-09-18T14:29:43+00:00,2,"36c2a02206267288,e7d6d69cf590adfc",61.502410901804986,59.09090909090909,-38.497589098195014,,,
tls_passthrough_1k_keepalive,tenant_vip,shared,lb.elite_experimental,3,peak_rps_history,requests/s,140974.8,136765.6,153674.6,143805.0,8802.618603574736,6.244107885646751,98.0,95.0,100.0,0.0,,,,,,,,157573762,0,1,6ca551fdc08e3f8f,2026-09-18T05:35:28+00:00,2026-09-18T11:07:45+00:00,1,6ca551fdc08e3f8f,100.0,100.0,0.0,,,
tls_passthrough_1k_keepalive,tenant_vip,shared,lb.lite_experimental,3,peak_rps_history,requests/s,25929.8,24995.5,28305.9,26410.399999999998,1706.7276613449503,6.582108852921929,450.0,390.0,470.0,0.07750132770178865,,,,,,,,31156616,21472,1,6ca551fdc08e3f8f,2026-09-18T06:09:30+00:00,2026-09-18T11:19:06+00:00,1,6ca551fdc08e3f8f,18.393216376260156,21.777777777777775,-81.60678362373984,,,
tls_passthrough_1k_keepalive,tenant_vip,shared,lb.plus_experimental,3,peak_rps_history,requests/s,23221.4,22345.2,24022.6,23196.399999999998,838.9794037996394,3.6129578914261815,460.0,380.0,460.0,0.13006287382780107,,,,,,,,26871171,54075,1,6ca551fdc08e3f8f,2026-09-18T06:47:58+00:00,2026-09-18T09:18:05+00:00,1,6ca551fdc08e3f8f,16.472021950022274,21.304347826086957,-83.52797804997772,,,
tls_passthrough_1k_keepalive,tenant_vip,shared,lb.pro_experimental,3,peak_rps_history,requests/s,72766.0,70940.7,80105.8,74604.16666666667,4851.175839251074,6.666816699077967,170.0,160.0,170.0,0.0,,,,,,,,85589177,0,1,6ca551fdc08e3f8f,2026-09-18T05:46:53+00:00,2026-09-18T12:16:35+00:00,1,6ca551fdc08e3f8f,51.61631724251426,57.647058823529406,-48.38368275748574,,,
tls_termination_1k_keepalive,tenant_vip,shared,lb.elite_experimental,3,peak_rps_history,requests/s,73892.3,73586.2,75516.1,74331.53333333333,1037.2188502593565,1.4036900330066278,160.0,150.0,160.0,0.0,,,,,,,,90733527,0,1,1d00b264eb0eb68c,2026-09-18T10:45:29+00:00,2026-09-18T14:55:10+00:00,1,1d00b264eb0eb68c,100.0,100.0,0.0,,,
tls_termination_1k_keepalive,tenant_vip,shared,lb.lite_experimental,3,peak_rps_history,requests/s,9920.2,9512.1,9981.4,9804.566666666666,255.1253090803287,2.571775862183511,1000.0,1000.0,1100.0,0.015586668986694965,,,,,,,,12144188,2010,1,1d00b264eb0eb68c,2026-09-18T07:34:57+00:00,2026-09-18T13:54:13+00:00,1,1d00b264eb0eb68c,13.425214805872873,16.0,-86.57478519412713,,,
tls_termination_1k_keepalive,tenant_vip,shared,lb.plus_experimental,3,peak_rps_history,requests/s,12248.1,12117.1,12377.0,12247.4,129.95141399769358,1.0609924314603372,890.0,890.0,920.0,0.005015921909796658,,,,,,,,14608356,667,1,1d00b264eb0eb68c,2026-09-18T10:31:13+00:00,2026-09-18T14:41:14+00:00,1,1d00b264eb0eb68c,16.57561071992616,17.97752808988764,-83.42438928007384,,,
tls_termination_1k_keepalive,tenant_vip,shared,lb.pro_experimental,3,peak_rps_history,requests/s,40778.8,40435.3,42704.4,41306.16666666667,1223.0251033128188,2.999168939038958,250.0,240.0,250.0,0.0,,,,,,,,51445768,0,1,1d00b264eb0eb68c,2026-09-18T08:09:56+00:00,2026-09-18T14:06:34+00:00,1,1d00b264eb0eb68c,55.18680566175366,64.0,-44.81319433824634,,,
tls_termination_reencrypt_1k_keepalive,tenant_vip,shared,lb.elite_experimental,3,peak_rps_history,requests/s,64592.0,62503.5,66387.2,64494.23333333334,1943.6949769275343,3.0091884086690834,180.0,180.0,180.0,0.0018392637537235266,,,,,,,,77185665,3892,1,bbb8b85a5aded587,2026-09-18T06:24:11+00:00,2026-09-18T13:06:36+00:00,1,bbb8b85a5aded587,100.0,100.0,0.0,,,
tls_termination_reencrypt_1k_keepalive,tenant_vip,shared,lb.lite_experimental,3,peak_rps_history,requests/s,10329.9,10226.6,10688.6,10415.033333333333,242.48043907361557,2.347364825154315,10000.0,10000.0,10000.0,38.45622974235016,,,,,,,,7597167,3039021,1,bbb8b85a5aded587,2026-09-18T08:55:31+00:00,2026-09-18T14:18:28+00:00,1,bbb8b85a5aded587,15.992537775575922,1.7999999999999998,-84.00746222442407,,,
tls_termination_reencrypt_1k_keepalive,tenant_vip,shared,lb.plus_experimental,3,peak_rps_history,requests/s,14323.2,13640.0,14677.3,14213.5,527.2792334238092,3.6812949161067996,10000.0,10000.0,10000.0,43.46321413892314,,,,,,,,9874114,4077378,1,bbb8b85a5aded587,2026-09-18T09:54:09+00:00,2026-09-18T12:39:25+00:00,1,bbb8b85a5aded587,22.17488233837008,1.7999999999999998,-77.82511766162992,,,
tls_termination_reencrypt_1k_keepalive,tenant_vip,shared,lb.pro_experimental,3,peak_rps_history,requests/s,47634.1,45145.0,47899.3,46892.799999999996,1519.436207940301,3.1898077384485086,320.0,200.0,330.0,11.162066976633218,,,,,,,,39228179,4353654,1,bbb8b85a5aded587,2026-09-18T06:36:28+00:00,2026-09-18T09:30:46+00:00,1,bbb8b85a5aded587,73.74612955164727,56.25,-26.253870448352735,,,
